{
  "project_info": {
    "project_number": "48502369687",
    "project_id": "charity-management-syste-2f049",
    "storage_bucket": "charity-management-syste-2f049.appspot.com"
  },
  "client": [
    {
      "client_info": {
        "mobilesdk_app_id": "1:48502369687:android:80e5bd70f0673f53fd68d2",
        "android_client_info": {
          "package_name": "com.example.funds"
        }
      },
      "oauth_client": [
        {
          "client_id": "48502369687-5m2p37l9sqp4g780s01pr67fmqllvm7q.apps.googleusercontent.com",
          "client_type": 1,
          "android_info": {
            "package_name": "com.example.funds",
            "certificate_hash": "9baee8e9423274ed359609744e7a1a5553b3a1bc"
          }
        },
        {
          "client_id": "48502369687-qip43q62v3d1s58hanj16umg3pv3fk6u.apps.googleusercontent.com",
          "client_type": 3
        }
      ],
      "api_key": [
        {
          "current_key": "AIzaSyC_b9A17lyemAGcGS1Rgfm4mJvO3hwY2PE"
        }
      ],
      "services": {
        "appinvite_service": {
          "other_platform_oauth_client": [
            {
              "client_id": "48502369687-qip43q62v3d1s58hanj16umg3pv3fk6u.apps.googleusercontent.com",
              "client_type": 3
            }
          ]
        }
      }
    }
  ],
  "configuration_version": "1"
}